stage,bot,difficulty,players,runs,wave,reached,reached_frac,lost_here,loss_rate,hazard,leak_rate,coins_p10,coins_med,coins_p90,income_p10,income_med,income_p90,inc_kill_med,inc_wave_med,inc_farm_med,farm_share,pool_per_coin,base_loss_mean
infinite,farm,normal,1,200,1,200,1,0,0,0,0,199,199,199,299,299,299,144,105,50,0.1672,0.1818,0
infinite,farm,normal,1,200,2,200,1,0,0,0,0,221,221,221,322,322,322,162,110,50,0.1553,0.18,0
infinite,farm,normal,1,200,3,200,1,0,0,0,0,317,317,317,396,396,396,191,115,90,0.2273,0.1847,0
infinite,farm,normal,1,200,4,200,1,0,0,0,0.01,457,457,457,440,440,440,230,120,90,0.2046,0.215,0.01
infinite,farm,normal,1,200,5,200,1,0,0,0,0,290,590,590,533,533,533,318,125,90,0.1689,0.2613,0
infinite,farm,normal,1,200,6,200,1,0,0,0,0.005,480,480,530,540,590,590,320,130,140,0.2171,0.2277,0.005
infinite,farm,normal,1,200,7,200,1,0,0,0,0,544,594,594,714,714,714,399,135,180,0.2502,0.2524,0
infinite,farm,normal,1,200,8,200,1,0,0,0,0,600,650,650,806,806,806,441,140,225,0.2767,0.2517,0
infinite,farm,normal,1,200,9,200,1,0,0,0,0,478,538,628,888,888,888,518,145,225,0.2511,0.2635,0
infinite,farm,normal,1,200,10,200,1,0,0,0,0.98,397,447,647,559,559,559,184,150,225,0.3996,0.4315,49
infinite,farm,normal,1,200,11,200,1,0,0,0,0.01,463,513,663,1016,1016,1016,636,155,225,0.2179,0.2962,0.02
infinite,farm,normal,1,200,12,200,1,0,0,0,0,502,562,652,1049,1049,1049,664,160,225,0.2138,0.2963,0
infinite,farm,normal,1,200,13,200,1,0,0,0,0,413,563,713,1161,1161,1161,771,165,225,0.1932,0.3204,0
infinite,farm,normal,1,200,14,200,1,0,0,0,0,469,626,669,1216,1216,1216,821,170,225,0.1844,0.3355,0
infinite,farm,normal,1,200,15,200,1,0,0,0,0,526,576,683,1207,1207,1207,807,175,225,0.1858,0.3177,0
infinite,farm,normal,1,200,16,200,1,0,0,0,0.01,476,636,726,1375,1400,1400,995,180,225,0.1611,0.3847,0.02
infinite,farm,normal,1,200,17,200,1,0,0,0,0,597,690,760,1424,1424,1449,1014,185,225,0.1566,0.3851,0
infinite,farm,normal,1,200,18,200,1,0,0,0,0.025,309,494,584,1289,1289,1289,1099,190,0,0,0.4151,0.05
infinite,farm,normal,1,200,19,200,1,0,0,0,0,299,454,594,1275,1275,1275,1080,195,0,0,0.4043,0
infinite,farm,normal,1,200,20,200,1,85,0.425,0.425,0.425,213,271,586,664,664,664,464,200,0,0,0.5389,21.25
infinite,farm,normal,1,200,21,200,1,0,0,0,0.115,95,333.5,614,179,1191,2098,986,205,0,0,0.3517,0.62
infinite,farm,normal,1,200,22,115,0.575,0,0,0,0.2435,281,412,655,1049,1159,1190,949,210,0,0,0.3795,1.6174
infinite,farm,normal,1,200,23,115,0.575,0,0,0,0.2609,316,449,663,1007,1168,1199,953,215,0,0,0.395,2.4696
infinite,farm,normal,1,200,24,115,0.575,0,0,0,0.2957,300,531,730,977,1162,1200,942,220,0,0,0.4092,3.2522
infinite,farm,normal,1,200,25,115,0.575,1,0.005,0.0087,0.2348,340,468,723,1050,1177,1210,952,225,0,0,0.4257,2.1739
infinite,farm,normal,1,200,26,114,0.57,3,0.015,0.0263,0.3596,301,553.5,773,933,1146.5,1210,916.5,230,0,0,0.4328,4.2456
infinite,farm,normal,1,200,27,112,0.56,2,0.01,0.0179,0.3393,352,577,858,952,1167.5,1218,932.5,235,0,0,0.4503,3.9286
infinite,farm,normal,1,200,28,109,0.545,4,0.02,0.0367,0.3486,340,536,911,934,1179,1225,939,240,0,0,0.4656,3.3211
infinite,farm,normal,1,200,29,105,0.525,7,0.035,0.0667,0.3333,341,519,890,1001,1185,1230,940,245,0,0,0.4798,2.7429
infinite,farm,normal,1,200,30,98,0.49,75,0.375,0.7653,0.8469,282,568,786,422,683,736,433,250,0,0,0.7234,38.898
infinite,farm,normal,1,200,31,93,0.465,4,0.02,0.043,0.0968,61,361,671,28,156,2118,156,0,0,0,0.3583,0.6989
infinite,farm,normal,1,200,32,19,0.095,2,0.01,0.1053,0.3684,476,588,866,747,1200,1256,940,260,0,0,0.517,4.9474
infinite,farm,normal,1,200,33,17,0.085,5,0.025,0.2941,0.4706,340,434,796,441,1203,1249,938,265,0,0,0.5344,5.7059
infinite,farm,normal,1,200,34,13,0.065,1,0.005,0.0769,0.3077,268,433,853,510,1204,1250,934,270,0,0,0.5385,3.1538
infinite,farm,normal,1,200,35,11,0.055,0,0,0,0.3636,558,603,940,1048,1223,1265,948,275,0,0,0.5551,3.6364
infinite,farm,normal,1,200,36,11,0.055,2,0.01,0.1818,0.2727,308,497,721,350,1238,1253,958,280,0,0,0.5686,2.4545
infinite,farm,normal,1,200,37,9,0.045,1,0.005,0.1111,0.4444,387,738,1117,663,1200,1275,915,285,0,0,0.5863,4.3333
infinite,farm,normal,1,200,38,8,0.04,0,0,0,0.75,437,677.5,1137,962,1117,1263,827,290,0,0,0.5838,8.625
infinite,farm,normal,1,200,39,8,0.04,3,0.015,0.375,0.75,93,473.5,873,283,1024.5,1271,798,295,0,0,0.6132,4
infinite,farm,normal,1,200,40,5,0.025,4,0.02,0.8,1,275,484,1044,247,499,699,212,300,0,0,0.9205,48.8
infinite,farm,normal,1,200,41,4,0.02,1,0.005,0.25,0.25,117,513.5,996,0,50.5,198,50.5,0,0,0,0.1755,0.75
