stage,bot,difficulty,players,runs,wins,losses,capped,win_rate,endwave_p10,endwave_med,endwave_p90,minutes_p10,minutes_med,minutes_p90,farm_share_income,upgrade_share,farm_payback_med,farm_payback_n
standard20,greedy,normal,1,200,200,0,0,1,20,20,20,10.8942,11.3579,11.6142,0,0.5256,0,0
standard20,greedy,normal,2,200,200,0,0,1,20,20,20,10.0325,10.4487,10.8092,0,0.6893,0,0
standard20,greedy,normal,4,200,200,0,0,1,20,20,20,9.2175,9.5454,9.8675,0,0.8082,0,0
standard20,greedy,hard,1,200,3,197,0,0.015,20,20,20,12.4983,12.7154,13.0067,0,0.5014,0,0
standard20,greedy,hard,2,200,106,94,0,0.53,20,20,20,11.39,11.8275,12.2842,0,0.6742,0,0
standard20,greedy,hard,4,200,200,0,0,1,20,20,20,10.9425,11.1508,11.4175,0,0.803,0,0
standard20,greedy,nightmare,1,200,0,200,0,0,11,11,16,6.3675,6.4308,10.0908,0,0.3454,0,0
standard20,greedy,nightmare,2,200,0,200,0,0,17,18,18,10.12,10.7825,11.2075,0,0.5661,0,0
standard20,greedy,nightmare,4,200,0,200,0,0,13,14,14,6.7558,7.2283,7.3283,0,0.601,0,0
standard20,farm,normal,1,200,117,83,0,0.585,20,20,20,10.0292,10.5333,10.9692,0.1637,0.59,10.6973,200
standard20,farm,normal,2,200,72,128,0,0.36,20,20,20,9.9025,10.1796,10.4233,0.1373,0.7299,9.7635,200
standard20,farm,normal,4,200,200,0,0,1,20,20,20,9.9933,10.1717,10.3083,0.0757,0.8347,8.3607,200
standard20,farm,hard,1,200,0,200,0,0,11,11,16,6.595,6.8783,9.9542,0.1932,0.4811,11.7647,200
standard20,farm,hard,2,200,0,200,0,0,16,16,16,9.0883,9.3775,9.5425,0.1776,0.5714,9.488,200
standard20,farm,hard,4,200,0,200,0,0,16,16.5,18,8.8817,9.0825,10.3258,0.1058,0.7558,8.5366,200
standard20,farm,nightmare,1,200,0,200,0,0,11,11,11,6.2933,6.4108,6.4367,0.2489,0.3706,13.3333,200
standard20,farm,nightmare,2,200,0,200,0,0,11,11,11,6.1125,6.2275,6.3667,0.2373,0.4273,11.1702,200
standard20,farm,nightmare,4,200,0,200,0,0,12,12,13,6.8858,7.1571,7.7292,0.1346,0.5898,8.8506,200
standard20,aoe,normal,1,200,97,103,0,0.485,20,20,20,9.8767,10.2904,11.4958,0,0.5752,0,0
standard20,aoe,normal,2,200,105,95,0,0.525,20,20,20,9.7608,10.2083,10.705,0,0.7214,0,0
standard20,aoe,normal,4,200,22,178,0,0.11,20,20,20,10.1242,10.4233,10.6192,0,0.8432,0,0
standard20,aoe,hard,1,200,0,200,0,0,17,18,20,9.5625,10.7071,12.6292,0,0.5178,0,0
standard20,aoe,hard,2,200,0,200,0,0,17,20,20,8.6875,11.4613,11.9508,0,0.6622,0,0
standard20,aoe,hard,4,200,0,200,0,0,16,17,20,8.7975,8.9942,11.9067,0,0.795,0,0
standard20,aoe,nightmare,1,200,0,200,0,0,11,11,12,6.2942,6.4988,7.1458,0,0.3735,0,0
standard20,aoe,nightmare,2,200,0,200,0,0,11,13,16,6.1233,8.0317,9.3942,0,0.4578,0,0
standard20,aoe,nightmare,4,200,0,200,0,0,12,14,16,6.8725,8.0263,9.3208,0,0.6665,0,0
standard20,upgrade,normal,1,200,199,1,0,0.995,20,20,20,10.1875,10.7217,11.5475,0,0.8115,0,0
standard20,upgrade,normal,2,200,200,0,0,1,20,20,20,9.6642,10.0729,10.5125,0,0.7723,0,0
standard20,upgrade,normal,4,200,200,0,0,1,20,20,20,9.71,9.9988,10.3,0,0.7953,0,0
standard20,upgrade,hard,1,200,0,200,0,0,14,17,20,8.1033,10.1517,12.8425,0,0.7299,0,0
standard20,upgrade,hard,2,200,43,157,0,0.215,20,20,20,11.4192,11.9671,12.38,0,0.7631,0,0
standard20,upgrade,hard,4,200,14,186,0,0.07,20,20,20,11.2225,11.5288,11.8308,0,0.7899,0,0
standard20,upgrade,nightmare,1,200,0,200,0,0,11,11,14,6.3442,6.6442,8.8383,0,0.5582,0,0
standard20,upgrade,nightmare,2,200,0,200,0,0,14,16,20,8.3133,9.8408,12.485,0,0.6771,0,0
standard20,upgrade,nightmare,4,200,0,200,0,0,18,20,20,10.6992,12.4542,12.8167,0,0.7683,0,0
standard20,wide,normal,1,200,200,0,0,1,20,20,20,10.9175,11.4008,11.7008,0,0.4212,0,0
standard20,wide,normal,2,200,200,0,0,1,20,20,20,10.2008,10.5613,10.9408,0,0.6846,0,0
standard20,wide,normal,4,200,200,0,0,1,20,20,20,9.3758,9.7729,10.2258,0,0.8101,0,0
standard20,wide,hard,1,200,34,166,0,0.17,20,20,20,12.3925,12.65,12.9558,0,0.4298,0,0
standard20,wide,hard,2,200,132,68,0,0.66,20,20,20,11.5408,12.06,12.5242,0,0.6712,0,0
standard20,wide,hard,4,200,199,1,0,0.995,20,20,20,11.0783,11.2671,11.5008,0,0.8039,0,0
standard20,wide,nightmare,1,200,0,200,0,0,11,11,16,6.3475,6.4108,10.15,0,0.178,0,0
standard20,wide,nightmare,2,200,0,200,0,0,16,18,18,10.2142,10.8537,11.5725,0,0.5609,0,0
standard20,wide,nightmare,4,200,0,200,0,0,13,14,14,6.6733,7.2429,7.3817,0,0.5968,0,0
standard20,coop,normal,1,200,117,83,0,0.585,20,20,20,10.0292,10.5333,10.9692,0.1637,0.59,10.6973,200
standard20,coop,normal,2,200,200,0,0,1,20,20,20,10.5758,10.8554,11.2017,0.1049,0.6903,10.4406,200
standard20,coop,normal,4,200,200,0,0,1,20,20,20,9.8067,10.2408,10.7383,0.049,0.8273,10.3795,200
standard20,coop,hard,1,200,0,200,0,0,11,11,16,6.595,6.8783,9.9542,0.1932,0.4811,11.7647,200
standard20,coop,hard,2,200,40,160,0,0.2,16,20,20,9.5242,12.2046,12.79,0.124,0.6387,10.6831,200
standard20,coop,hard,4,200,28,172,0,0.14,17,20,20,9.0183,11.6408,11.9817,0.0598,0.8007,10.6726,200
standard20,coop,nightmare,1,200,0,200,0,0,11,11,11,6.2933,6.4108,6.4367,0.2489,0.3706,13.3333,200
standard20,coop,nightmare,2,200,0,200,0,0,11,11,11,6.3133,6.435,6.6583,0.1717,0.3941,12.7148,200
standard20,coop,nightmare,4,200,0,200,0,0,13,13,14,7.1433,7.5733,8.0925,0.0722,0.6239,11.6535,200
